Question,Answer,Context
What services does PiSence Technologies offer?,"PiSence provides a comprehensive range of services including IoT monitoring, Vulnerability Assessment and Penetration Testing (VAPT), analytical monitoring, AI & ML solutions, customized software development, and digital marketing.","PiSence provides a comprehensive range of services including IoT monitoring, Vulnerability Assessment and Penetration Testing (VAPT), analytical monitoring, AI & ML solutions, customized software development, and digital marketing."
"What is IoT monitoring, and how can it benefit my business?","IoT monitoring involves overseeing interconnected devices to provide real-time visibility and control. PiSence's IoT monitoring services ensure seamless operations, allowing businesses to focus on growth.","IoT monitoring involves overseeing interconnected devices to provide real-time visibility and control. PiSence's IoT monitoring services ensure seamless operations, allowing businesses to focus on growth."
Can you explain your Vulnerability Assessment and Penetration Testing (VAPT) services?,"PiSence's VAPT services identify, analyze, and mitigate vulnerabilities in IT infrastructures by simulating real-world attacks, providing actionable recommendations to enhance security.","PiSence's VAPT services identify, analyze, and mitigate vulnerabilities in IT infrastructures by simulating real-world attacks, providing actionable recommendations to enhance security."
How do your analytical monitoring solutions work?,"Our analytical monitoring solutions collect, analyze, and interpret data from connected devices in real-time, helping businesses optimize performance and make data-driven decisions.","Our analytical monitoring solutions collect, analyze, and interpret data from connected devices in real-time, helping businesses optimize performance and make data-driven decisions."
What AI & ML solutions does PiSence offer?,"We offer AI & ML solutions such as demand forecasting, customer behavior analysis, and real-time data-driven decision-making to enhance operational efficiency.","We offer AI & ML solutions such as demand forecasting, customer behavior analysis, and real-time data-driven decision-making to enhance operational efficiency."
Do you provide customized software development?,"Yes, PiSence offers end-to-end custom software development tailored to unique business needs, ensuring scalable and robust solutions.","Yes, PiSence offers end-to-end custom software development tailored to unique business needs, ensuring scalable and robust solutions."
How can your digital marketing services help my business?,"Our digital marketing services aim to increase your brand's online presence, engage customers across digital platforms, and boost ROI through data-driven strategies.","Our digital marketing services aim to increase your brand's online presence, engage customers across digital platforms, and boost ROI through data-driven strategies."
"What is Solvit, and how can it assist in education management?","Solvit is a digital administrator management system designed to simplify education management by providing efficient financial tracking, student and staff monitoring, and streamlined operations.","Solvit is a digital administrator management system designed to simplify education management by providing efficient financial tracking, student and staff monitoring, and streamlined operations."
How does Solvit help in financial tracking?,"Solvit allows users to easily track and manage financial data, providing real-time views of total fees received and expenses for better budget management.","Solvit allows users to easily track and manage financial data, providing real-time views of total fees received and expenses for better budget management."
Can Solvit monitor student and staff attendance?,"Yes, Solvit monitors student and staff attendance directly from the dashboard, providing daily absentee reports to maintain accountability.","Yes, Solvit monitors student and staff attendance directly from the dashboard, providing daily absentee reports to maintain accountability."
What industries does PiSence serve?,"PiSence serves various industries including security, environmental, IT, and healthcare, offering tailored, integrated solutions.","PiSence serves various industries including security, environmental, IT, and healthcare, offering tailored, integrated solutions."
Why should I choose PiSence Technologies?,"PiSence offers a comprehensive range of services, cost-effective solutions, and swift issue resolution, making it a preferred choice for businesses seeking integrated monitoring services.","PiSence offers a comprehensive range of services, cost-effective solutions, and swift issue resolution, making it a preferred choice for businesses seeking integrated monitoring services."
Where is PiSence Technologies located?,"PiSence Technologies is located in 15/7,KUMARAN NAGAR WEST EXTENSION, General Kumaramangalam Colony, Perambur, Chennai, Tamil Nadu 600082","PiSence Technologies is located in 15/7,KUMARAN NAGAR WEST EXTENSION, General Kumaramangalam Colony, Perambur, Chennai, Tamil Nadu 600082"
How can I contact PiSence Technologies?,You can contact PiSence through their website's contact page at https://www.pisence.com/.,You can contact PiSence through their website's contact page at https://www.pisence.com/.
Does PiSence offer cost-effective solutions?,"Yes, PiSence is committed to providing cost-effective solutions tailored to meet the specific needs of their clients.","Yes, PiSence is committed to providing cost-effective solutions tailored to meet the specific needs of their clients."
How quickly can PiSence resolve issues?,PiSence emphasizes swift issue resolution to ensure minimal disruption to your business operations.,PiSence emphasizes swift issue resolution to ensure minimal disruption to your business operations.
Are your services customizable to fit specific business needs?,"Absolutely, PiSence crafts tailored software solutions to meet the unique requirements of each business.","Absolutely, PiSence crafts tailored software solutions to meet the unique requirements of each business."
Do you offer services beyond monitoring?,"Yes, in addition to monitoring services, PiSence offers AI & ML solutions, customized software development, and digital marketing.","Yes, in addition to monitoring services, PiSence offers AI & ML solutions, customized software development, and digital marketing."
How can AI & ML solutions benefit my business?,"Our AI & ML solutions can help in demand forecasting, customer behavior analysis, and real-time decision-making, leading to optimized supply chains and reduced costs.","Our AI & ML solutions can help in demand forecasting, customer behavior analysis, and real-time decision-making, leading to optimized supply chains and reduced costs."
What makes PiSence's services stand out?,"PiSence combines efficiency, security, and cutting-edge technology to provide innovative and precise solutions that propel businesses beyond boundaries.","PiSence combines efficiency, security, and cutting-edge technology to provide innovative and precise solutions that propel businesses beyond boundaries."
How does PiSence's IoT Monitoring Service benefit businesses?,"PiSence's IoT Monitoring Service provides real-time visibility and control over interconnected devices and systems, ensuring seamless operations and allowing businesses to focus on growth.","PiSence's IoT Monitoring Service provides real-time visibility and control over interconnected devices and systems, ensuring seamless operations and allowing businesses to focus on growth."
"What is Solvit, and how can it assist in education management?","Solvit is a digital administrator management system developed by PiSence that streamlines education management by offering efficient financial tracking, student and staff monitoring, and centralized operations.","Solvit is a digital administrator management system developed by PiSence that streamlines education management by offering efficient financial tracking, student and staff monitoring, and centralized operations."
What are the pricing plans for Solvit?,"Solvit offers an Essential plan priced at ?13,000, which includes features such as support for 100 users, Attendance & Assignment Module, and Email Notification.","Solvit offers an Essential plan priced at ?13,000, which includes features such as support for 100 users, Attendance & Assignment Module, and Email Notification."
How does PiSence ensure swift issue resolution?,"PiSence is committed to swift issue resolution by offering a comprehensive range of services and integrated solutions, enabling clients to address and resolve issues promptly.","PiSence is committed to swift issue resolution by offering a comprehensive range of services and integrated solutions, enabling clients to address and resolve issues promptly."
"What is VAPT, and how does PiSence implement it?","Vulnerability Assessment and Penetration Testing (VAPT) is a service offered by PiSence to identify, analyze, and mitigate vulnerabilities in IT infrastructure, enhancing security posture.","Vulnerability Assessment and Penetration Testing (VAPT) is a service offered by PiSence to identify, analyze, and mitigate vulnerabilities in IT infrastructure, enhancing security posture."
What industries does PiSence cater to?,"PiSence serves industries such as IT, education, healthcare, manufacturing, and security by providing tailored monitoring, AI, and automation solutions.","PiSence serves industries such as IT, education, healthcare, manufacturing, and security by providing tailored monitoring, AI, and automation solutions."
How does PiSence's cybersecurity service protect businesses?,"PiSence employs advanced security protocols, real-time monitoring, and vulnerability assessments to safeguard business data and IT infrastructure.","PiSence employs advanced security protocols, real-time monitoring, and vulnerability assessments to safeguard business data and IT infrastructure."
What makes PiSence’s AI solutions unique?,"PiSence’s AI solutions are tailored to industry-specific needs, integrating deep learning and real-time analytics for maximum efficiency.","PiSence’s AI solutions are tailored to industry-specific needs, integrating deep learning and real-time analytics for maximum efficiency."
What kind of support does PiSence provide for its software solutions?,"PiSence offers 24/7 technical support, system updates, and continuous performance monitoring for all its software solutions.","PiSence offers 24/7 technical support, system updates, and continuous performance monitoring for all its software solutions."
Does PiSence offer cloud-based solutions?,"Yes, PiSence provides cloud-based services for scalable and secure data storage, processing, and analytics.","Yes, PiSence provides cloud-based services for scalable and secure data storage, processing, and analytics."
How does PiSence ensure data privacy in its solutions?,"PiSence follows global data protection standards, implements encryption, and uses secure access control measures.","PiSence follows global data protection standards, implements encryption, and uses secure access control measures."
Can PiSence integrate with existing business systems?,"Yes, PiSence’s solutions are designed to integrate seamlessly with existing enterprise software and IT infrastructures.","Yes, PiSence’s solutions are designed to integrate seamlessly with existing enterprise software and IT infrastructures."
What is PiSence’s approach to digital transformation?,"PiSence combines AI, IoT, and automation to modernize business processes, improving efficiency and reducing costs.","PiSence combines AI, IoT, and automation to modernize business processes, improving efficiency and reducing costs."
Does PiSence provide training for its software and AI solutions?,"Yes, PiSence offers comprehensive training programs and documentation to help businesses effectively use their solutions.","Yes, PiSence offers comprehensive training programs and documentation to help businesses effectively use their solutions."
Essential Plan,"₹13K, includes 100 users, attendance & assignment module, limited batches, and more.","₹13K, includes 100 users, attendance & assignment module, limited batches, and more."
Premium Plan,"₹15K, includes 150 users, unlimited batches, and additional advanced features.","₹15K, includes 150 users, unlimited batches, and additional advanced features."
Elite Plan,"₹18K, includes 300 users, unlimited batches, and tailored features.","₹18K, includes 300 users, unlimited batches, and tailored features."
What are the business hours of PiSence?,"PiSence operates from Monday to Friday, 10:30 AM to 6:00 PM, and is closed on weekends.","PiSence operates from Monday to Friday, 10:30 AM to 6:00 PM, and is closed on weekends."
Is PiSence open on weekends?,"No, PiSence is closed on Saturdays and Sundays.","No, PiSence is closed on Saturdays and Sundays."
When does PiSence open?,PiSence opens at 10:30 AM from Monday to Friday.,PiSence opens at 10:30 AM from Monday to Friday.
What time does PiSence close?,PiSence closes at 6:00 PM from Monday to Friday.,PiSence closes at 6:00 PM from Monday to Friday.
On which days is PiSence closed?,PiSence is closed on Saturdays and Sundays.,PiSence is closed on Saturdays and Sundays.
